{"cameraMode":{"drawMode":0,"name":"Shaded","section":"Shading Mode"},"sceneLighting":false,"audioPlay":false,"sceneViewState":{"showFog":true,"showMaterialUpdate":false,"showSkybox":false,"showFlares":true,"showImageEffects":true,"showParticleSystems":true},"in2DMode":false,"pivot":{"x":-0.934412956237793,"y":-0.44477975368499758,"z":-0.057689666748046878},"rotation":{"x":-0.1348920464515686,"y":0.20471541583538056,"z":-0.02849547378718853,"w":-0.969063401222229},"size":23.334524154663087,"orthographic":true}